amount,amount_ratio,amount_zscore,merchant_freq,is_new_merchant,is_new_device,location_mismatch,velocity_24h,is_night_txn,merchant_risk,amount_log,account_age_days,is_fraud
112.38499311920295,1.1502597138365263,-0.0810177768893598,0.2552265265741831,1.0,0.0,0.0,0.0,0.0,0.0,4.730789046726998,1263.2242274214652,0
74.55898223885869,1.1065885803012443,0.23650750621549083,0.0,0.0,0.0,0.0,1.0,0.0,0.0,4.324913572966874,1291.2226777990525,0
3914.120075726737,27.65940022648961,3.070790601640992,0.025720937122783765,0.0,1.0,1.0,3.0,0.0,0.0,8.27260127863828,781.7646740077755,1
18.019788659760422,0.8424351951435942,-0.23540791458962293,0.188298987001973,1.0,0.0,0.0,2.0,1.0,0.0,2.945479945581296,2605.177428446317,0
5.0,2.648242094107011,-0.02026315364345814,0.1554676245948224,0.0,0.0,0.0,1.0,0.0,0.0,1.791759469228055,376.652075353526,0
178.5112606231487,1.4381300571767404,0.3204697526376511,0.3687260130884388,0.0,0.0,0.0,0.0,0.0,0.0,5.190237939237278,1852.9627009162252,0
3314.0228409654483,13.90079825118531,4.324983247322089,0.03499760452653588,0.0,1.0,0.0,3.0,0.0,1.0,8.10621979278188,1070.8419442019099,1
5965.579711630633,12.46453043060312,3.231348246599547,0.05087486795440989,1.0,1.0,1.0,2.0,1.0,0.0,8.693929129584816,492.4713689796002,1
38.56446019769682,2.2809184498150232,0.8887351700334643,0.11922256539371333,0.0,0.0,0.0,0.0,0.0,0.0,3.677931245538205,1801.9531100205893,0
4132.323263289683,17.24811653772303,6.139504133108305,0.047327324699700794,1.0,1.0,1.0,1.0,1.0,0.0,8.326837026621167,30.0,1
95.56051190254442,1.4779302885631247,0.2548440160728035,0.30765607581828147,1.0,0.0,0.0,1.0,0.0,0.0,4.5701698781686,1295.1372377533064,0
29.188930080363164,0.05,0.05732734913097158,0.20388367908593713,0.0,0.0,0.0,2.0,0.0,0.0,3.407475303553262,2618.4026058470663,0
1386.4188692352686,6.998934092091234,3.9474868338224844,0.062338183975080265,1.0,1.0,0.0,5.0,1.0,0.0,7.235200371287769,30.0,1
2164.362271639892,17.18134322053339,2.953874391647117,0.04116437151095075,1.0,1.0,0.0,4.0,1.0,1.0,7.680342957449815,146.1515776959908,1
201.3944619568678,1.7785788705321857,0.566495023684654,0.3032245767662515,0.0,0.0,0.0,2.0,0.0,0.0,5.310218575165785,220.50872403062635,0
355.97292644855236,0.13396119355272373,-0.17199352337550458,0.19681100376610805,0.0,0.0,0.0,1.0,1.0,0.0,5.877659942625359,1849.1701908669052,0
5.0,0.05,0.02481760471021907,0.2965541830451716,1.0,0.0,1.0,1.0,0.0,0.0,1.791759469228055,2092.414520895504,0
261.95269466943125,1.735600805883986,0.509802573320698,0.10078714301791288,1.0,1.0,0.0,2.0,0.0,0.0,5.571974147822477,3154.875160134414,0
1718.7143610295277,17.6007568713063,3.0808942594470254,0.015025007520381647,1.0,1.0,0.0,0.0,1.0,1.0,7.449913486847608,395.2842210094285,1
2199.9564219176873,7.118052499262605,3.790725026088896,0.0409064652393412,1.0,1.0,0.0,4.0,0.0,0.0,7.696647282110867,287.2945429675882,1
741.2804622358535,17.030281562211044,2.366676837061494,0.03523492189434395,0.0,1.0,1.0,3.0,1.0,1.0,6.609727153200325,166.1083345236284,1
103.06433889164632,1.0649025055418777,-0.04789732158846041,0.24780565464819557,0.0,0.0,0.0,1.0,0.0,0.0,4.645009351049468,1996.5914895788521,0
252.1306048409009,0.07208342753641805,-0.16670798043019566,0.2293538483907216,0.0,0.0,0.0,0.0,1.0,0.0,5.533905580196997,2605.505554646681,0
139.99114252164907,0.8448855200942249,0.19545469145989808,0.2672517393301965,0.0,1.0,0.0,0.0,0.0,0.0,4.948697069409576,1354.7721555775913,0
119.42855777232418,0.05,0.4162469459699719,0.17885380763932368,0.0,0.0,0.0,1.0,0.0,0.0,4.7910566955494645,2297.331614317305,0
281.826820385535,0.05,0.19161054844513659,0.08661535718055148,0.0,0.0,0.0,2.0,0.0,0.0,5.644834768229667,1581.4159653498382,0
43.317256955928386,0.07543641846880833,0.23521454219627005,0.08975065563532551,0.0,0.0,0.0,0.0,0.0,0.0,3.791374148735033,91.16557186381033,0
76.83427348881571,1.4423642626821322,-0.030346730153690077,0.04272884101870153,1.0,0.0,0.0,1.0,0.0,0.0,4.354581867453318,1838.5547606281614,0
159.58553638498614,0.3411013607227168,0.055724785121119134,0.18512890237890423,0.0,1.0,0.0,1.0,0.0,0.0,5.078826737587701,2095.1387912192295,0
121.12960268921735,0.9384675210438856,0.3162311271104819,0.10260493495332977,0.0,0.0,0.0,1.0,0.0,0.0,4.805082797998448,2172.2958014383,0
5.0,1.0863572211136237,-0.15549213721224522,0.08632273754372173,0.0,0.0,0.0,1.0,1.0,0.0,1.791759469228055,809.1106502715019,0
226.92155535737726,0.848382140885863,-0.05617902515156656,0.28458275953778756,0.0,0.0,1.0,3.0,0.0,0.0,5.429001514303685,2643.0580402510477,0
209.25345333110835,1.6684140484825483,0.449109422675273,0.16503827322153014,0.0,0.0,0.0,2.0,0.0,0.0,5.348313723598591,3021.7883212217857,0
5.0,1.2533149900865888,-0.4805248963284393,0.2767295869536741,0.0,0.0,0.0,0.0,1.0,0.0,1.791759469228055,1683.294968212681,0
129.71935110017841,1.5884195378502155,0.07877917453652356,0.3146641615672149,0.0,0.0,0.0,0.0,1.0,0.0,4.8730526670554495,1228.262909951901,0
9278.939920226443,28.51846297204724,3.290265818369816,0.037054403260526864,0.0,1.0,0.0,5.0,0.0,1.0,9.13561035164576,316.3817335410354,1
178.72879772474488,0.05,0.717959634073192,0.3187038571240508,0.0,0.0,0.0,0.0,0.0,0.0,5.191449035400585,1842.1300507459657,0
201.2839649528927,1.224787739209125,-0.14828987280863754,0.19734566831619535,0.0,0.0,0.0,1.0,0.0,0.0,5.309672477329213,1522.0684179250864,0
182.13288647082405,0.5106990640905129,0.20572536535458041,0.05543826095359469,0.0,0.0,0.0,0.0,0.0,0.0,5.210212044896298,2399.58017952939,0
108.25989175788831,0.909302790433205,-0.350545805206222,0.06209520209458823,0.0,0.0,0.0,1.0,1.0,0.0,4.693729372283284,1812.3950119953838,0
58.71918400315156,1.174114335924827,-0.2825742602114393,0.33479137689147204,0.0,0.0,0.0,0.0,0.0,0.0,4.089653308866179,875.2978882431436,0
6985.079949318373,9.130005868779177,1.9561838177695787,0.03543507703066279,1.0,1.0,0.0,2.0,1.0,0.0,8.851674869520927,422.13749834220084,1
4212.515292559101,26.314952359348425,2.3139654469658524,0.033514009123296995,1.0,1.0,0.0,3.0,1.0,0.0,8.34605256462533,377.612321074889,1
66.33386574662413,0.32990475965280686,0.13464494902524002,0.31012587385479895,0.0,0.0,0.0,1.0,0.0,0.0,4.209663315829915,2827.887565224253,0
222.6760283449425,1.3103519924360096,0.41315697132908935,0.3325227369025232,0.0,0.0,0.0,0.0,0.0,0.0,5.410198702919201,1767.198638859781,0
181.58858585840886,0.872025054064185,0.6765823363196255,0.262235720984617,1.0,0.0,0.0,0.0,1.0,0.0,5.207235457217006,1460.8566906833212,0
5.0,2.1139732052693807,0.20596482766942065,0.24811342755124305,1.0,0.0,0.0,0.0,0.0,0.0,1.791759469228055,1791.1891352023213,0
48.70739564350562,1.815011204483248,0.28612247920528927,0.2521338014482818,0.0,0.0,0.0,0.0,0.0,0.0,3.906153727736451,1555.4844463420332,0
5.0,0.20133169315475918,0.10353250606715117,0.19601000034522892,1.0,0.0,0.0,0.0,0.0,1.0,1.791759469228055,1920.4543599399726,0
10095.651863320774,22.716375088284817,2.249135490814433,0.028242465151687587,1.0,1.0,0.0,5.0,0.0,0.0,9.219959149190405,492.33978923927776,1
826.5114070693215,20.569260692252058,2.2839612848002413,0.005210308237939401,1.0,0.0,1.0,3.0,0.0,1.0,6.718422892134238,378.10629056394635,1
5116.000929349461,11.139021214714951,2.8225213137712064,0.06109138903862475,1.0,1.0,1.0,5.0,1.0,0.0,8.54032379042506,426.641902839387,1
1398.7871703621906,22.24450498505318,2.5383794910758057,0.01871256712348689,0.0,0.0,1.0,3.0,1.0,0.0,7.244075482877097,747.3700851166806,1
118.49257935440964,0.6503737876840507,-0.10059014538794755,0.15552320721986124,1.0,0.0,0.0,0.0,0.0,0.0,4.7832542719908,1438.0593066783156,0
242.47539657493041,1.2419508786676317,0.04563050739408411,0.27774745674210144,0.0,0.0,1.0,1.0,0.0,0.0,5.495015896657644,2293.973652122157,0
146.67645685714174,0.9906398602398455,-0.1780393343942044,0.22915960531173674,1.0,0.0,0.0,0.0,0.0,0.0,4.9950237784376235,570.7361342504698,0
105.03712945594324,1.7539676785409672,0.1254938464307971,0.17550603806832407,1.0,0.0,1.0,1.0,1.0,0.0,4.663789310665347,1033.238757178473,0
127.86978776283394,0.5305658377369785,0.2919359393226926,0.10383689466089854,0.0,0.0,0.0,0.0,1.0,0.0,4.858802497389918,1227.182351927627,0
3384.3931416642595,29.767395620042464,2.8947326162884335,0.04443805567742351,1.0,1.0,1.0,5.0,1.0,1.0,8.127225320896107,1040.855975020304,1
100.02478186970622,0.3874747182873951,-0.1657825540448639,0.24036807000081145,1.0,0.0,0.0,1.0,1.0,0.0,4.615365851790775,2582.0693475982584,0
295.89401570098295,0.542689646985874,-0.09139510535074494,0.0771813305800688,0.0,0.0,0.0,1.0,1.0,0.0,5.693375225625129,1422.5052743822514,0
138.17408002539534,1.5652759550987203,-0.05512461911331887,0.07567395018536525,0.0,0.0,0.0,2.0,0.0,0.0,4.935725523847583,2111.808927110875,0
134.74631113393238,0.05,1.173390680483623,0.0,0.0,0.0,0.0,2.0,0.0,0.0,4.910787784477477,1550.051294209351,0
24.73810751924823,0.5694572887939642,-0.16207300315550763,0.23826396368928782,0.0,0.0,0.0,3.0,0.0,0.0,3.2479726765143067,1696.2351790546682,0
71.22880583706527,0.39697976088144105,0.6276137864664448,0.0,1.0,0.0,0.0,0.0,0.0,0.0,4.279838939142829,1163.7284741620044,0
69.4087570433591,1.1355989392504775,0.04833803175673173,0.374917505030248,0.0,0.0,0.0,0.0,0.0,0.0,4.254317645248666,1625.191123318741,0
47.302527797503515,0.11903694971961987,-0.07759204368954584,0.22127742917702498,0.0,0.0,0.0,2.0,0.0,0.0,3.87748389464112,1383.347523964569,0
285.0758473113556,0.594253405275367,-0.5065642643016913,0.0,0.0,0.0,0.0,1.0,0.0,0.0,5.656256976049801,1232.3830837907096,0
54.0006174629665,1.7835724266425745,-0.7090241520555278,0.23326711284135873,1.0,0.0,0.0,1.0,0.0,0.0,4.007344411768844,740.0208999115756,0
2172.0080411868353,25.073501909702298,4.00155000234392,0.04851289242788186,0.0,0.0,0.0,5.0,0.0,0.0,7.683867680749737,351.1726969094864,1
154.60100831455202,1.143896892538223,-0.42528605986800916,0.14371901452466032,0.0,1.0,0.0,0.0,0.0,0.0,5.047295091893938,3318.8683840839667,0
124.98148980378483,1.30550723433573,0.10097281865859296,0.29373634786080205,0.0,0.0,0.0,0.0,0.0,0.0,4.83613498984052,1724.699588074597,0
149.4683290637479,0.9010013403850456,-0.6994935844854003,0.0,1.0,0.0,1.0,1.0,0.0,0.0,5.013752623929092,922.015392994584,0
7.843288156989971,0.8970785026140301,0.5558948180332525,0.18971199909682265,0.0,0.0,0.0,0.0,0.0,0.0,2.1796587709486976,1679.616231412142,0
188.69251375209333,0.5647135118227553,0.2912214001313351,0.15406145695609105,0.0,0.0,0.0,0.0,0.0,0.0,5.245404412546516,2327.5162571538876,0
5.308105947361483,1.9877116054675428,0.3790486089730366,0.29725148626701303,0.0,0.0,0.0,1.0,0.0,0.0,1.8418354646733603,2950.7800052905613,0
2209.0513898338513,18.105893382413363,4.135733360280164,0.0028347321028242105,0.0,0.0,0.0,4.0,1.0,0.0,7.700771047559929,692.895904844368,1
2130.4276475401202,16.716986912437893,1.990046509985555,0.03910405449274283,1.0,1.0,1.0,2.0,0.0,1.0,7.664547291242616,461.612210987057,1
247.48419798729373,1.6163037751457883,0.2451718955827451,0.16371851591204628,0.0,0.0,0.0,0.0,0.0,0.0,5.515379253926425,60.0,0
6080.493410146976,18.375809570395983,2.532376369772951,0.010412439916214159,1.0,1.0,1.0,3.0,0.0,0.0,8.713005571467832,383.32084246785337,1
42.58970214945373,0.5514781540117621,0.16761218463683647,0.1582461327308688,0.0,0.0,0.0,0.0,0.0,0.0,3.7748209332252065,1377.5869540007288,0
132.13496076246454,1.0476276228819696,-0.412358226603859,0.10915173432054147,0.0,0.0,0.0,0.0,0.0,0.0,4.891363356293458,2341.177625966532,0
144.48674288910306,0.4614727445061898,0.2530768735521366,0.19894037264343173,0.0,1.0,0.0,1.0,0.0,0.0,4.980084968296159,886.0794882019921,0
15874.309198053797,14.289596469188524,3.86549677416628,0.009782621642873648,1.0,1.0,1.0,5.0,1.0,0.0,9.672520300613977,422.7005212140038,1
2996.4374022696334,12.358470328565392,4.6521054245085915,0.059749811558449904,1.0,1.0,1.0,4.0,1.0,0.0,8.005513003370726,542.4065359681006,1
271.9452525829079,0.10901075475553468,0.5388500562240849,0.24719384534255717,0.0,0.0,0.0,0.0,0.0,0.0,5.609271235084779,2511.498870229998,0
8408.413308150952,15.790012918288042,4.1558215041883715,0.031559227949200803,1.0,0.0,1.0,7.0,0.0,0.0,9.037106989314893,482.2926253220449,1
5.0,0.9043094387732133,0.04245302423283207,0.17899567032754293,1.0,0.0,0.0,1.0,0.0,0.0,1.791759469228055,644.1735996969946,0
225.04737675556237,1.2570317255034893,-0.42266687866451436,0.05960642104030382,0.0,0.0,0.0,0.0,0.0,0.0,5.420744608964419,422.46294632349964,0
61.58324758357848,0.8433857107183773,-0.6924123329386261,0.23680807964272133,0.0,0.0,0.0,1.0,1.0,0.0,4.1364976318060105,1501.5186197134917,0
172.23810226289368,1.1942055989555695,0.257526531975088,0.33825375901921895,0.0,0.0,0.0,2.0,0.0,0.0,5.154666961904607,608.9689284127611,0
42.98311213062216,1.2053737323691862,-0.26994177556384813,0.21093348959923106,0.0,0.0,0.0,3.0,0.0,0.0,3.783805745029217,1076.5569801807064,0
72.6832193785942,0.05,-0.07305677140837472,0.2529096621544136,0.0,0.0,0.0,0.0,1.0,0.0,4.299775085055932,1635.235922947454,0
1030.811103063347,9.195477335758786,1.665614237551099,0.0327374664137877,1.0,0.0,1.0,1.0,1.0,1.0,6.939070889620404,158.197809980741,1
9203.614133958397,23.67034881524188,4.167449208744432,0.05791544305624502,1.0,1.0,1.0,5.0,1.0,0.0,9.127460173609663,546.2033576010209,1
207.92519348866855,1.6455610754804768,-0.10484237162986149,0.04795684033813988,0.0,0.0,0.0,0.0,0.0,0.0,5.341976262002512,2260.4418189978915,0
265.9163938742256,1.1241982125338015,0.10980676781537083,0.2611531712946108,0.0,0.0,0.0,1.0,0.0,0.0,5.58693547780712,2767.2477171322917,0
149.9579197233842,1.3326159429993807,-0.45515492204624863,0.4102547916729681,0.0,0.0,0.0,0.0,0.0,0.0,5.017001120648601,1233.9714557477462,0
4473.663578303839,21.940732413158976,3.069133598195558,0.026668033847007642,0.0,1.0,0.0,6.0,0.0,1.0,8.406186449850285,30.0,1
3647.8735141054667,30.586839219801938,3.785846552556501,0.014738855806104649,1.0,1.0,1.0,5.0,1.0,0.0,8.202173772669173,30.0,1
175.99651673089699,1.075702286542169,0.21065567672941427,0.35080949163321673,0.0,0.0,0.0,1.0,0.0,0.0,5.176130052893728,416.06026545730106,0
190.23824546858728,0.9051917580865982,0.17362712830780902,0.12132534913447854,0.0,0.0,0.0,0.0,0.0,0.0,5.253520009215645,260.0309116947194,0
118.3774702451705,1.3430379329644804,-0.17378040383395518,0.15314926852415298,0.0,0.0,0.0,2.0,0.0,0.0,4.782290491740055,2124.111452748293,0
163.6302706025346,1.047396450268794,0.0069104680358364895,0.1286555497394487,1.0,0.0,0.0,2.0,0.0,0.0,5.103702175359817,1556.2541146331055,0
242.83816057099284,0.44829626065896333,-0.35454550258619477,0.2165554840822011,0.0,0.0,0.0,2.0,0.0,0.0,5.49650472887974,60.0,0
209.01137081108345,1.514859009867953,0.07678356636456157,0.12114873012602835,1.0,1.0,0.0,0.0,0.0,0.0,5.347161675971033,1439.2272643582753,0
141.52536689895368,0.8590131913039498,0.16432045834163977,0.0432039910519155,0.0,1.0,0.0,1.0,0.0,0.0,4.959519997192204,2214.0667226317664,0
277.3435443313972,2.4242326594600154,0.07742799497932129,0.0,1.0,0.0,0.0,1.0,0.0,0.0,5.628856121730411,461.46073857210035,0
158.4402578042825,0.43139551701799006,-0.0324805109585064,0.06708715284084421,0.0,0.0,0.0,2.0,0.0,0.0,5.071669292839274,2169.65317289165,0
102.67068418087787,2.443114707956216,0.877172168468559,0.02676729392129179,0.0,0.0,0.0,2.0,0.0,0.0,4.641219376916579,2285.390057641281,0
109.04149120129749,0.8640686419789944,0.5591681711465912,0.0,0.0,0.0,0.0,0.0,1.0,0.0,4.700857487412186,1438.2096003231125,0
219.35111311995632,0.866666624110092,0.8499808983390164,0.013584463047950107,0.0,0.0,0.0,0.0,0.0,0.0,5.395222242874766,1666.9154102247805,0
86.75458459981564,1.268483020168806,0.6103176329418601,0.07656488556858332,0.0,0.0,0.0,0.0,0.0,0.0,4.474544107132938,1912.9588200500039,0
188.05902585759577,1.7294617126917702,0.09634348245179233,0.4674413320926744,1.0,0.0,0.0,0.0,0.0,0.0,5.242059272427081,1897.2573858062372,0
8202.850079719992,22.91279341690099,3.9983470470748825,0.04039321146693005,1.0,0.0,0.0,2.0,1.0,1.0,9.012358844978491,791.8495724214656,1
208.66805185119335,0.9757314404010721,0.27658039355384123,0.28514790880166746,0.0,0.0,0.0,0.0,0.0,0.0,5.345525574613974,496.10106947174563,0
6668.492793535462,5.489482469424603,4.021197559452903,0.05249591930342476,0.0,1.0,0.0,2.0,1.0,1.0,8.805299093070051,542.5921498504706,1
2707.89719151423,13.450241127013157,6.359090590643099,0.01674769699651974,0.0,1.0,1.0,6.0,0.0,0.0,7.904296890650379,605.397499960636,1
126.46962978297947,0.05,-0.5061042031672269,0.1337626481484694,0.0,0.0,0.0,1.0,1.0,0.0,4.84787813844433,2697.4031362945775,0
131.01127543827943,0.8970822116567824,0.24342738128253816,0.3094917157094371,0.0,0.0,0.0,2.0,0.0,0.0,4.882887338925257,2440.894755443111,0
227.3924959234492,1.9151807453278975,0.8888416315220414,0.0,0.0,1.0,0.0,0.0,1.0,0.0,5.431065622265977,1568.1682961798524,0
5.0,0.2589946078636375,0.19199044600938958,0.28869310904663015,0.0,0.0,0.0,0.0,0.0,0.0,1.791759469228055,2245.973984815905,0
35.20304276321269,1.6056804150610762,0.4782284336365831,0.06114193500859101,0.0,0.0,0.0,1.0,0.0,0.0,3.589143169531761,905.4872597163585,0
60.34219597358234,0.8057538197306465,0.5876623994203228,0.3066445848994056,1.0,0.0,0.0,1.0,0.0,1.0,4.116467958071096,1749.7650468920797,0
343.16778720241007,1.384620613054533,-0.018442912778324216,0.06151750805926938,0.0,0.0,0.0,2.0,0.0,0.0,5.841129291955705,1695.160649744713,0
35.38009119513316,0.5446518031099231,-0.38356095499308096,0.1456023677310951,0.0,0.0,0.0,2.0,0.0,0.0,3.594021679824964,1432.6645923752965,0
31.804889613290683,1.7088577099087945,0.48844445516061896,0.0,0.0,0.0,0.0,1.0,1.0,0.0,3.4905775778556722,1047.6681448294705,0
5199.898981593096,22.952943880110027,3.4737969817693726,0.02619554163353802,0.0,1.0,0.0,4.0,0.0,1.0,8.556586770702904,597.5340882191351,1
57.54438008241137,1.542077046738325,0.11860555028390533,0.22632562705984693,0.0,0.0,1.0,1.0,0.0,0.0,4.069785100507952,1739.2706252165192,0
5.0,0.3461388807344624,0.008535846730674965,0.08698551316634626,0.0,0.0,0.0,3.0,0.0,0.0,1.791759469228055,2190.366798112548,0
5.0,1.5217682857889716,0.10142728423641953,0.02630801028726737,0.0,0.0,0.0,0.0,0.0,0.0,1.791759469228055,1555.2334846853569,0
84.53545889307529,0.931105324630219,-0.15189475924403203,0.13430142049296076,0.0,1.0,0.0,3.0,0.0,0.0,4.448931013864147,1474.1312606960119,0
162.5085623231343,0.5620463033495535,0.8920342013036721,0.0,0.0,0.0,0.0,0.0,0.0,0.0,5.096865357914936,2438.700689611482,0
184.21722713607306,1.4430939496722195,0.42693881267693234,0.30400674271426864,1.0,1.0,0.0,0.0,1.0,0.0,5.221529336979339,647.2111498762491,0
193.69208838308532,1.3316656891725247,-0.32341687761335625,0.2471642340364403,0.0,1.0,0.0,1.0,0.0,0.0,5.271419276642853,1527.4764517650235,0
226.92327933510597,1.4013046783270833,-0.22911914387361784,0.2866082830413678,0.0,0.0,0.0,1.0,0.0,0.0,5.429009078183311,2199.057083616995,0
49.02130289922337,1.5659033482217692,0.301840426606222,0.16013495519911625,0.0,0.0,0.0,1.0,0.0,0.0,3.912448972675682,1891.4513030518724,0
8046.031947949597,10.08643382695457,4.459753610818235,3.779316703905744e-05,0.0,1.0,0.0,6.0,1.0,1.0,8.993058600307208,360.7440317400583,1
9289.24254990953,11.421999861677438,3.6023061918311936,0.0468877038097064,1.0,0.0,0.0,5.0,1.0,0.0,9.136719940176372,368.70957778348895,1
306.6303645956458,1.5599540609381553,-0.02896802330812931,0.3016834617120851,0.0,0.0,0.0,1.0,0.0,0.0,5.728898947309743,1955.7462859160892,0
69.41647911003537,1.0371015319129406,0.7293018340509074,0.07281300536489167,0.0,0.0,0.0,0.0,0.0,0.0,4.254427314039502,2412.108186034883,0
4438.092819303205,15.118895491383892,1.9906306124414581,0.04214584449972888,1.0,1.0,0.0,3.0,1.0,0.0,8.398205314573344,219.63014981424396,1
22.766267201100845,0.6115531750748109,-0.1659090563553772,0.0,0.0,0.0,0.0,0.0,0.0,0.0,3.1682672308030693,1517.198575230295,0
86.3489173281839,1.8821191092053464,0.3766736979334139,0.0,0.0,0.0,0.0,2.0,0.0,0.0,4.4699106418631125,646.1678341135221,0
163.69801480371189,0.9299859640380057,0.7745702703741036,0.26857786995996413,1.0,0.0,0.0,1.0,0.0,0.0,5.104113583703009,2380.0625401378147,0
7981.161970191772,19.474041779236426,2.6179221263316377,0.010168993748506102,0.0,1.0,1.0,1.0,0.0,0.0,8.984964577333617,700.4777672685314,1
174.14182846670644,1.3010620154660995,0.08080497877760319,0.12981144793376143,0.0,0.0,0.0,1.0,0.0,0.0,5.1655960940687375,2292.0630525005336,0
62.329653239843175,1.596231890870179,-0.45372845429988573,0.07731150875507008,0.0,0.0,1.0,0.0,0.0,0.0,4.148353675064796,2503.18675907781,0
5361.469601618167,14.877142374325942,3.961608750749601,0.04640851258665417,0.0,0.0,1.0,4.0,0.0,0.0,8.587179894524292,218.43223332446917,1
234.47423004415495,0.8252901384390101,0.2638015615758399,0.22774336089465141,0.0,0.0,0.0,2.0,0.0,0.0,5.461601480904851,2199.5901031869807,0
62.93324502296779,0.05,-0.7550987226589606,0.1936592240777707,0.0,0.0,0.0,0.0,0.0,0.0,4.157839492491971,2700.2251046251376,0
15.496610740025503,0.9798804272624109,0.5467988711934713,0.09292497846656445,1.0,0.0,0.0,1.0,0.0,0.0,2.80315495011165,1464.841239994789,0
2794.559790832269,15.301703937264344,4.639778308607035,0.029212918793796144,1.0,0.0,1.0,3.0,0.0,0.0,7.935787648480604,658.3012208728219,1
138.7385285917186,1.3992815063506028,0.5324230680201987,0.021039631250607732,0.0,0.0,0.0,1.0,0.0,1.0,4.939773023454717,3037.684929431313,0
95.36435129812135,0.28389729831590116,0.9837390165912426,0.0578264856001791,0.0,0.0,0.0,1.0,1.0,0.0,4.568136333411669,1616.1596486960846,0
52.024732516857725,1.017877181347178,-0.3424942147696447,0.164512604924715,0.0,0.0,0.0,0.0,0.0,0.0,3.9707584559657496,1348.8606062227257,0
6835.386532783874,21.78175701895021,2.957572425220378,0.002311877367819612,1.0,1.0,1.0,4.0,1.0,0.0,8.83001458634436,458.7870320566077,1
168.71615346815372,1.6870962708806623,0.16664967481889958,0.22326775556772183,0.0,0.0,0.0,1.0,0.0,0.0,5.1341273560904535,2105.3272696167282,0
3031.4417827968255,2.0,3.782885736385049,0.0,1.0,1.0,0.0,2.0,1.0,1.0,8.017123442875253,298.992467106831,1
149.78531712918667,1.205912276137466,-0.16977799175483918,0.37095785795784453,0.0,0.0,0.0,0.0,0.0,0.0,5.015857084316099,2189.1660810964204,0
299.24354588200515,0.237922154607358,-0.08246612413218485,0.18507712613249439,0.0,0.0,0.0,1.0,1.0,0.0,5.704593964915583,2146.5858505323295,0
156.7644845853941,1.8963934086140064,-0.3459162286808497,0.12915499819791904,0.0,0.0,0.0,2.0,0.0,0.0,5.061103317081851,1979.8075112331858,0
8913.671794435384,11.614773137961329,3.6113864750482674,0.03780909864107764,1.0,1.0,1.0,4.0,1.0,0.0,9.095453714637543,446.8835450134086,1
187.9192273315507,0.9521424350929713,0.5978128722657873,0.20261655257013605,0.0,0.0,0.0,2.0,0.0,0.0,5.241319555095514,380.2616513637154,0
5.0,1.217319444940118,0.29942620431918365,0.08319372888914306,1.0,0.0,0.0,1.0,0.0,0.0,1.791759469228055,1899.4474749837104,0
5.0,0.05,-0.6031225457714423,0.2731642056739966,0.0,0.0,0.0,0.0,0.0,0.0,1.791759469228055,1967.3051704162028,0
77.32351204064796,0.19857829617880318,0.6948118057376893,0.2340188782741015,0.0,0.0,0.0,2.0,0.0,0.0,4.360847839411051,2211.3352940401874,0
1026.8323519110113,30.545651576510657,3.784723314585234,0.0035282339719722167,1.0,0.0,0.0,3.0,1.0,1.0,6.935207350917201,537.8126144614735,1
214.91633092761214,0.07175187140524453,0.4016985545780981,0.11011323147765609,0.0,0.0,0.0,1.0,0.0,0.0,5.374890975825523,1032.5898298475665,0
108.69126914709246,1.2123947331548466,0.508235829643174,0.236228218772806,1.0,1.0,0.0,0.0,0.0,0.0,4.697669775664379,2119.6310011997302,0
4331.602214922411,23.428191611200226,3.029221830537938,0.03471139741279788,1.0,1.0,0.0,2.0,0.0,0.0,8.373923613907516,602.4571972538824,1
4221.181613480068,14.163272119611946,2.94779460694234,0.029036696354192554,0.0,1.0,1.0,5.0,1.0,0.0,8.348107243466067,389.21339872659377,1
1523.898648627041,7.185632591493523,2.2009896074849884,0.009177537281024179,1.0,1.0,1.0,4.0,1.0,0.0,7.329683226916259,488.0002767207971,1
235.22044213661792,1.5647676922643716,-0.13370373301325894,0.34394162687341717,0.0,0.0,0.0,1.0,0.0,0.0,5.464765445897376,1424.9632534292266,0
66.32893134413251,0.9446767543339119,0.5928746347326261,0.3548106060322105,1.0,0.0,0.0,0.0,0.0,0.0,4.209590030518746,2025.0038542066854,0
101.01854109332275,0.3051532428902496,0.7528392558664474,0.16068050683371168,0.0,0.0,0.0,1.0,1.0,0.0,4.625154572189853,1454.34708184323,0
92.423846839693,1.8542864246131952,0.0850671067661622,0.0,1.0,0.0,0.0,1.0,1.0,0.0,4.537146632129119,1583.2872016207743,0
5.0,0.05,-0.1047841195844102,0.2242502559740776,1.0,0.0,0.0,0.0,0.0,0.0,1.791759469228055,838.1683190079708,0
129.79283742670293,1.9273041794023316,-0.21517500766090805,0.2508959786980372,0.0,0.0,0.0,1.0,0.0,0.0,4.873614677789043,2164.909286231441,0
116.05246818282481,1.537304959396847,0.6469427119737431,0.26965714465026325,0.0,0.0,0.0,0.0,0.0,0.0,4.7626222802829465,2727.5299262989274,0
2687.9449078933844,22.227016758921955,3.411391812500477,0.022794277664838047,1.0,0.0,1.0,4.0,0.0,1.0,7.896904168105612,44.256161229886516,1
169.76264984304527,1.2333112333425627,0.249207974570867,0.15234399309360402,0.0,0.0,0.0,0.0,1.0,0.0,5.14027457970708,1002.0278331630952,0
195.00327611487708,0.7321797936336236,0.5055845832535157,0.1627918530962262,0.0,0.0,0.0,0.0,0.0,0.0,5.278131373962647,1036.5972782754525,0
149.20253191681883,1.2163836791224354,0.6976767500370344,0.24854707049773395,0.0,0.0,0.0,0.0,0.0,0.0,5.011984596157457,1296.778459927296,0
198.23434448171923,1.6333243195125102,0.49897418031595564,0.4293955369735477,0.0,0.0,0.0,0.0,0.0,0.0,5.294481742346071,3061.804653580214,0
155.01228191316815,0.8846558345404966,0.9510503866403245,0.07576107781999265,0.0,0.0,0.0,0.0,0.0,0.0,5.0499347343630925,1565.4147160706264,0
89.92387873903854,1.5532168354402351,-0.5789680603914884,0.1072827915992917,0.0,0.0,0.0,0.0,0.0,0.0,4.51002265908449,997.096912303547,0
177.27242316419728,0.24321797318445992,0.25211325023634124,0.18946662704074763,0.0,0.0,0.0,1.0,1.0,0.0,5.183312847535312,1914.1263938702498,0
99.66482308538625,0.8037660647033031,-0.033935237970328214,0.0,0.0,0.0,0.0,1.0,0.0,0.0,4.611796414817733,2138.486181831955,0
44.11817858050361,1.4683158909475034,0.47152631205045514,0.0845128556749388,0.0,0.0,0.0,1.0,0.0,0.0,3.809285238035078,1691.21363837817,0
1482.8147426849773,25.360716114654636,1.4676940436408308,0.000511437439958639,1.0,1.0,1.0,4.0,0.0,0.0,7.302371579468957,542.8600737161179,1
76.78862672061291,1.793477044376583,0.419195117004432,0.021151788036196745,0.0,0.0,0.0,0.0,0.0,0.0,4.3539952343877415,2226.0066525065436,0
158.11152254532374,1.6221839802986837,0.056955355778324376,0.0,0.0,0.0,0.0,0.0,0.0,0.0,5.069605356010577,648.6045159248689,0
116.76639787829126,1.2287226619653342,-0.22351517271532104,0.11371693667999994,0.0,0.0,0.0,0.0,0.0,0.0,4.768702983313615,2010.5100914532304,0
188.16822008019324,1.9731404683791556,-0.0751881395256894,0.19272987207345096,0.0,1.0,0.0,1.0,1.0,0.0,5.242636672531404,1121.711317654074,0
4986.961669100067,2.0,3.039469902570759,0.06696097581821106,1.0,1.0,0.0,3.0,0.0,1.0,8.514782622147319,240.95903420683837,1
207.24727928150182,0.6571185444531065,0.3728422431207543,0.3647950504830981,1.0,0.0,0.0,0.0,0.0,0.0,5.338726216286947,1607.6341022320523,0
162.36080893256036,2.0267718089946904,0.26445810187539753,0.16851037592813542,0.0,0.0,0.0,0.0,0.0,0.0,5.09596130624396,954.5232651220102,0
228.4076311200361,0.6868095374987921,0.6919618821618716,0.1477285868245657,0.0,0.0,0.0,0.0,1.0,0.0,5.435500469704477,1203.5843357084077,0
288.57433686049166,1.3575264613893294,-0.5249932282781321,0.21681659221249794,1.0,0.0,0.0,0.0,0.0,0.0,5.668412040771729,2456.191484827771,0
160.53670990223588,1.0371971751167774,0.4568993013780681,0.13297837667963708,1.0,0.0,0.0,0.0,0.0,0.0,5.0847324227288375,2008.9834892368563,0
26.77247511608003,0.9785082303760076,-0.4437575955202909,0.12211657327467895,0.0,0.0,0.0,0.0,0.0,1.0,3.3240454264819816,2258.731682643958,0
177.76049786384812,0.9244326194199001,-0.09549239125039194,0.01168054443183647,0.0,0.0,0.0,1.0,0.0,0.0,5.18604690915786,1256.5968616283046,0
5.0,0.41798696736170904,-0.5692838582063979,0.2603063289447828,0.0,0.0,0.0,1.0,0.0,0.0,1.791759469228055,265.7879120945836,0
232.37228155741388,0.9265413178865634,0.10039555735001618,0.23988911009485572,0.0,0.0,0.0,0.0,0.0,0.0,5.452634953405886,958.790168909868,0
5.0,0.7142268126576515,-0.9888667367554859,0.21900421659597308,0.0,1.0,0.0,2.0,0.0,0.0,1.791759469228055,1411.9474692546564,0
5.0,0.8002208956555643,0.2163943104960586,0.3884137743773207,0.0,1.0,0.0,2.0,0.0,0.0,1.791759469228055,2278.8871676957688,0
5.0,0.8542452510320713,-0.3149544002608814,0.05567975821036786,0.0,0.0,0.0,0.0,0.0,0.0,1.791759469228055,1855.5745052504312,0
198.03760924895826,0.34795905144866535,-0.4238304931560125,0.1768306949727331,0.0,0.0,0.0,3.0,0.0,0.0,5.293493798068701,929.6322394578402,0
2136.3699273401658,16.074401247179143,4.134026544172178,0.03371227015381962,0.0,1.0,0.0,0.0,0.0,1.0,7.667331346252959,66.14802291925486,1
50.80086888095556,1.0696935813692698,0.018330878533440648,0.1715467480475177,0.0,0.0,0.0,0.0,0.0,0.0,3.9474069228883804,2410.979779413746,0
956.4978004661453,14.611147148313293,2.879411587144589,0.046252025755072895,1.0,0.0,1.0,3.0,1.0,0.0,6.864323423888868,260.8461792244411,1
2161.9369343108515,18.12610951801434,3.961032797019409,0.03810350280385102,0.0,0.0,0.0,4.0,0.0,0.0,7.679222268944942,930.9892428031523,1
168.24082831954232,1.4983089511661758,0.2596251611289335,0.2970921736859369,0.0,0.0,0.0,2.0,0.0,0.0,5.131322720188402,1037.2294818934242,0
5.0,1.1760723972881935,0.18130956992325772,0.17184959161670188,0.0,0.0,0.0,1.0,0.0,0.0,1.791759469228055,200.02098295193719,0
57.21138340119341,0.9106516446461185,0.7397747618054024,0.1431141057646072,0.0,0.0,1.0,0.0,0.0,0.0,4.064080926697747,1960.6135410547142,0
50.835991628353526,0.5948407958444646,-0.20172936475229944,0.0,0.0,0.0,0.0,0.0,1.0,0.0,3.9480847270705994,1254.3604764419708,0
239.16306374850922,1.5879985994862875,-0.19688523438674269,0.2130335161140192,1.0,0.0,0.0,1.0,0.0,0.0,5.481318124917826,2122.415850066892,0
33.997288301969945,1.53071101645858,0.7298695813916564,0.2004132852008619,1.0,0.0,0.0,2.0,0.0,0.0,3.555270581401336,2713.435058800128,0
123.14176641762762,0.6701878517441417,0.5664367058158682,0.037103526799013964,0.0,0.0,0.0,1.0,0.0,0.0,4.8214241901224515,1851.6242592651104,0
228.7504441953094,0.824133940438968,-0.11627260104071119,0.13881867159882783,0.0,0.0,0.0,1.0,0.0,0.0,5.436993694619387,1032.1181718975265,0
1262.451971481939,31.13544140682958,2.9259152180530315,0.032545040605944306,0.0,1.0,1.0,4.0,0.0,1.0,7.1416029138239585,695.2144933453224,1
56.658928861250224,1.2927726776004926,0.34203515644736127,0.24984409923386294,0.0,1.0,0.0,2.0,0.0,0.0,4.054545115229696,2288.383803880718,0
174.2930905820022,1.6638456599932392,0.5941660673327012,0.0,0.0,1.0,0.0,0.0,0.0,0.0,5.166459376330109,558.430103125969,0
138.48001035450162,0.7300981259798416,0.6589885624284931,0.15186686770788596,0.0,0.0,0.0,0.0,0.0,0.0,4.937921296043909,1801.4878656949045,0
11.719575029270501,1.2527254694740448,0.5228461195805595,0.05634198750510663,0.0,0.0,0.0,0.0,0.0,0.0,2.543142147705316,1380.7076585198417,0
186.22401499477604,0.05,-0.004162762749792631,0.22805529556212892,0.0,0.0,0.0,1.0,0.0,0.0,5.23230584104415,1602.741766933997,0
385.45182167526707,0.42356474012949974,0.03581680641207101,0.13623765575110333,0.0,0.0,0.0,1.0,0.0,0.0,5.9570072074123015,60.0,0
232.81057263420644,0.5576968222375234,-0.12633010001076747,0.15958606461797423,0.0,0.0,0.0,1.0,0.0,0.0,5.454511268863297,1440.4377128970707,0
7094.291928340576,12.131389251991674,2.754403397542328,0.04465279132930981,0.0,1.0,1.0,3.0,1.0,1.0,8.867186734391176,366.5360997515214,1
53.263399402324396,1.4484741743453011,0.13208641587558542,0.1635798632786552,0.0,0.0,0.0,1.0,0.0,0.0,3.9938499555139066,2378.1657343386405,0
45.57872239247749,0.3296435965386644,0.11170536860168466,0.1399049170639578,0.0,0.0,0.0,0.0,0.0,0.0,3.841143835837816,2233.27937641203,0
156.69942104489448,1.551704633058654,0.05627384764779816,0.2869634322831198,0.0,0.0,0.0,1.0,0.0,0.0,5.060690822718718,2226.8979379954426,0
92.82722240466629,0.8618977837907768,-0.31138752534592273,0.4189870276467581,0.0,0.0,0.0,1.0,0.0,0.0,4.5414550314409725,1140.3045841780242,0
3664.696197411092,17.13503329426463,2.6548691827693105,0.03763926066969617,1.0,1.0,0.0,4.0,0.0,0.0,8.206773554646865,424.4377430517938,1
67.70589681189823,0.48201549023177404,-0.3775962440157222,0.1995266148974452,0.0,0.0,0.0,1.0,0.0,0.0,4.229835029779083,911.1876572438342,0
260.937811677122,1.2458272035061035,0.5059317982372055,0.12847826096724843,0.0,0.0,0.0,2.0,0.0,0.0,5.568107115575766,1367.8604014113914,0
218.5975499829999,0.6357684788451485,0.3021654046439868,0.22187282133067474,1.0,0.0,0.0,0.0,0.0,0.0,5.391796552847273,1238.6086414763397,0
112.83164322709818,1.4042514007421913,0.717201057588728,0.2165989801233859,0.0,0.0,0.0,1.0,0.0,0.0,4.734720543032791,3219.866764638188,0
75.2182287560102,0.6304885718567397,0.16755622659500008,0.04192762274558415,0.0,0.0,0.0,0.0,1.0,0.0,4.333600656603275,1581.2046970073234,0
62.25450003882018,1.2414322643549678,0.6943412156725051,0.1608248604496048,0.0,0.0,0.0,0.0,0.0,0.0,4.147166271935629,890.4407081120387,0
1578.8791148989794,14.734614592088366,3.7948112711460906,0.005706633453828769,0.0,0.0,1.0,1.0,0.0,0.0,7.365103613536399,836.0583128744095,1
5.0,0.596933836939487,0.07412357005418757,0.24427494940904382,0.0,0.0,0.0,0.0,1.0,0.0,1.791759469228055,669.4524220459001,0
5147.110171512838,20.629296018259847,3.7619218539288437,0.05641323311056334,1.0,1.0,0.0,3.0,0.0,1.0,8.546384969324793,387.21561744916374,1
5.0,0.05,-0.4480270665269964,0.15905409259083148,0.0,0.0,0.0,0.0,0.0,0.0,1.791759469228055,1233.2978528771,0
177.20335193854305,0.9724691739980112,0.04385813978360235,0.057543627788701895,1.0,0.0,0.0,0.0,0.0,0.0,5.182925324840404,1380.7182229340813,0
1584.586260776438,7.989754931818506,3.511959241444378,0.049604675374453275,1.0,0.0,0.0,3.0,0.0,0.0,7.3687094985384585,944.377653511142,1
134.26039830995063,0.5087817163952557,0.16664174240806612,0.0491487247334679,0.0,0.0,0.0,0.0,0.0,0.0,4.907201796915123,878.6469861841958,0
33.92380680184634,1.4051487356960817,-0.02660755870019041,0.14256169067955315,0.0,0.0,0.0,1.0,0.0,0.0,3.5531687399737577,1913.841008132944,0
5.0,1.4528090892234484,0.2616829551108068,0.06544436118729256,0.0,0.0,0.0,0.0,0.0,0.0,1.791759469228055,1673.3668849422615,0
157.7493678791556,1.1307821781932175,0.5507518314187568,0.11439725117715145,0.0,0.0,0.0,1.0,0.0,0.0,5.067326655901287,1000.7526618019288,0
123.21618998974809,0.7118199929653068,0.15378397393609733,0.10511051281960317,0.0,1.0,0.0,1.0,0.0,0.0,4.822023515188777,212.43905090621297,0
140.90787825435365,1.8448135199065523,-0.05937235913819347,0.49932182932020025,0.0,0.0,0.0,1.0,1.0,0.0,4.955178102387719,1182.3891517146367,0
4026.007372697858,12.141149751883058,3.048222633952083,0.02988559639656085,0.0,1.0,1.0,7.0,1.0,0.0,8.300778791666232,710.75477020967,1
276.68181795434566,1.2389139467733854,-0.033500344495246526,0.11743659339820686,0.0,0.0,0.0,0.0,0.0,0.0,5.626475918472267,1114.9516234803111,0
109.70726938340772,1.0884219319432407,-0.4783562607065458,0.31464874745665805,0.0,0.0,0.0,0.0,1.0,0.0,4.7068895049787045,1684.4342854985653,0
2381.1416003308263,13.011179922965123,2.873493303483885,0.007501412897956906,1.0,0.0,0.0,6.0,1.0,0.0,7.775755194131118,221.91207234016346,1
27.725313738436242,0.741837963695791,0.41474009844725035,0.22869585045857146,0.0,0.0,0.0,2.0,0.0,0.0,3.357778745813946,1421.526742792375,0
34.234863186938,0.6921063890276488,0.13309930256624944,0.014676766905568295,0.0,0.0,0.0,1.0,0.0,0.0,3.5620360238975435,2996.8149883982487,0
7284.160677932833,14.797706958547888,5.2405159122425795,0.023433519029742667,0.0,1.0,1.0,4.0,1.0,1.0,8.893594774382347,111.0647922505442,1
207.0254702343659,0.6620937026075187,0.4337736617790784,0.32831363267208713,0.0,0.0,0.0,0.0,0.0,0.0,5.337660525254392,768.0971203652566,0
99.02760227138843,0.7852921784853805,-0.010707640443851085,0.18933058356191532,0.0,0.0,0.0,2.0,0.0,0.0,4.605446170614715,2276.115673388036,0
666.3679536591054,18.96101412728994,4.978363068903496,0.041077163927006374,1.0,0.0,1.0,4.0,1.0,0.0,6.503341548471456,594.3982629720634,1
2580.9017607820906,24.289594149223316,4.3759840502940515,0.026897394209351992,1.0,0.0,1.0,2.0,0.0,1.0,7.856281522960869,451.54129910774367,1
3603.728483217864,15.16242157632258,0.9607503614273845,0.04008889295324937,0.0,1.0,0.0,3.0,0.0,0.0,8.19000173016079,290.74644376141,1
377.17058460904843,0.4126284023800515,0.7126681865553456,0.12093520460274204,0.0,0.0,0.0,1.0,0.0,0.0,5.935345375856995,1504.3932290475336,0
9.665109396910594,0.6748784726196477,0.6881586408039022,0.003917726539955119,0.0,0.0,0.0,2.0,0.0,0.0,2.366977609433818,835.1358070328562,0
338.4465306874695,0.9086729753057494,-0.7127914796985176,0.16289442908852297,0.0,0.0,0.0,1.0,0.0,0.0,5.827316440302054,1137.0813994438035,0
19.0656516536489,2.2737531110614877,0.5634196085687924,0.033006367329672964,0.0,1.0,0.0,1.0,0.0,0.0,2.9990094803232763,2084.473988412265,0
220.8300726061958,1.5671571073728932,-0.022558138325942084,0.0,0.0,0.0,0.0,1.0,0.0,0.0,5.401911650063664,716.9348946275438,0
4795.682888708097,18.14029521338447,2.3736015458848065,0.02019723303521241,1.0,1.0,1.0,3.0,1.0,1.0,8.47567989314812,94.54431194472556,1
44.635793866490786,1.4861047089847808,0.8135032919914574,0.13949922157469868,0.0,0.0,1.0,1.0,0.0,0.0,3.8206923618182067,2868.1793004669803,0
5.0,0.05,0.4915532054758378,0.14065662621760744,0.0,0.0,0.0,3.0,0.0,0.0,1.791759469228055,1988.8423575402585,0
46.376704169471196,1.3351479570327025,0.43273262715321914,0.19633249498272856,0.0,0.0,0.0,1.0,0.0,0.0,3.8581306346705757,82.55399279587346,0
11741.733112370308,10.587735110742795,4.88491878673385,0.008834378983247255,1.0,1.0,1.0,3.0,0.0,1.0,9.37098986972627,241.91573389682281,1
157.20692518806385,1.1114957219502883,-0.1512468643705556,0.0017573047105774453,0.0,0.0,0.0,0.0,1.0,0.0,5.063903829268406,2185.4815122776554,0
162.86435984436395,0.07317443308397276,-0.13244125054715417,0.21331258105033793,0.0,0.0,0.0,1.0,0.0,0.0,5.099039011489962,2401.498924535375,0
3902.0503236789577,12.632003088189117,1.5791339855380335,0.016577378565789835,0.0,0.0,0.0,3.0,0.0,0.0,8.269513660686773,30.0,1
350.1092987944428,0.5282552238537774,-0.12333976608912073,0.19412770850621508,0.0,1.0,1.0,1.0,0.0,1.0,5.86109756757002,2785.7188386243324,0
6812.686581707591,12.099545087456447,3.424549832403988,0.023573149399255082,1.0,0.0,1.0,3.0,1.0,1.0,8.826688600935814,259.0631436834374,1
5.0,0.559558357196566,-0.3049585900673848,0.0,0.0,0.0,0.0,0.0,1.0,0.0,1.791759469228055,315.9756161620419,0
5.0,0.880341992008217,-0.14780825747483922,0.1442779817351735,0.0,0.0,0.0,2.0,0.0,0.0,1.791759469228055,166.7458501472388,0
81.35164767858203,0.36558722103811625,0.7848363707577092,0.09976356164233179,0.0,0.0,0.0,1.0,0.0,0.0,4.410998464663706,930.4592018552194,0
113.46615609110536,0.05,-0.2578907422512513,0.06522392006354737,0.0,0.0,0.0,0.0,0.0,0.0,4.740279199311573,612.4143769574919,0
402.8047113890422,1.955882803748493,-0.2068025284587365,0.05894613375037008,0.0,0.0,0.0,3.0,0.0,0.0,6.00093137344079,2247.6209931099474,0
4721.238368016369,16.98922391097965,4.486236904832839,0.048686289594686086,1.0,1.0,1.0,3.0,1.0,0.0,8.460038196679793,468.58126354387986,1
203.73736209815456,1.5940967200631917,0.3666179572684023,0.16461478361963702,0.0,0.0,0.0,2.0,0.0,0.0,5.321727997253864,1771.515619825266,0
5.0,0.05,-0.022187690714747507,0.14516622247119998,0.0,1.0,0.0,0.0,0.0,0.0,1.791759469228055,2673.7144998641497,0
25.36111377447864,0.3239464272849243,-0.3887478771743308,0.0,0.0,0.0,0.0,1.0,0.0,0.0,3.271889961187776,1453.3710310582671,0
133.8598604963702,0.42408614743718864,0.421336112531299,0.13042090934760625,0.0,0.0,0.0,0.0,0.0,0.0,4.904236168872935,2882.4164983501623,0
298.4162424314276,0.9842632173932132,0.0610527214998633,0.0,0.0,0.0,0.0,1.0,0.0,0.0,5.701834720452021,1753.8470354053375,0
35.848402857455,0.17806427693887217,0.45205970978573573,0.33014887615065225,1.0,0.0,0.0,2.0,0.0,0.0,3.6068122759716426,1465.4260971654064,0
4319.218744433372,29.17336377558553,3.3737305703280316,0.07560832623846392,1.0,1.0,1.0,3.0,1.0,1.0,8.371061315241736,345.506029297651,1
8337.811402500052,19.69226031532416,2.8119362458792887,0.01153997919095152,0.0,1.0,0.0,4.0,0.0,1.0,9.028675967510337,30.0,1
103.98540675644576,0.8751373456957623,-0.4647236160925572,0.235084592012051,0.0,0.0,0.0,2.0,0.0,0.0,4.653821357226509,2087.130595137881,0
98.1196131666914,1.700862023575051,-0.22724071485542066,0.0,0.0,0.0,0.0,0.0,0.0,0.0,4.596327334636631,2274.279812984483,0
24.57501133133688,2.0015403703084975,0.19513319885412933,0.21521304328969942,0.0,0.0,0.0,0.0,0.0,0.0,3.241615754900618,372.50784146479054,0
7571.3990389666305,14.549636176609999,3.466764121472885,0.03162739887907472,1.0,0.0,1.0,5.0,1.0,1.0,8.932265210223095,363.728582661446,1
151.4821562873616,0.9852475572946957,0.16537523747440014,0.255445466869071,1.0,0.0,0.0,2.0,1.0,0.0,5.027047581249775,1638.6231881534377,0
50.50071722403139,1.5157874887893832,-0.48993905660510684,0.2001795124736568,0.0,0.0,0.0,0.0,0.0,0.0,3.941595734252936,1678.792580039,0
346.98956395207296,1.7203323993443789,0.43341844722606726,0.19574471350562356,0.0,0.0,0.0,0.0,0.0,0.0,5.852172490681338,2240.1303300901036,0
83.81194790727969,1.064263518923316,-0.15697179570450728,0.12101415828960774,0.0,0.0,0.0,1.0,0.0,0.0,4.440436428006086,1799.0507803208704,0
189.7010023041252,1.9665385482624946,-0.05490983353328499,0.18448774377011376,0.0,0.0,0.0,0.0,0.0,0.0,5.250706768513512,320.10111962823385,0
396.33613714187413,16.23620333930945,3.855580437336577,0.05915573389422805,0.0,1.0,0.0,7.0,1.0,0.0,5.984782615497408,776.2698331563613,1
49.78825667988711,0.5039321193122398,-0.0358225559463784,0.12327016393162155,1.0,0.0,0.0,1.0,0.0,0.0,3.927665160142303,1573.269687577598,0
5.0,0.05,0.5801336798119918,0.35091060691584935,0.0,0.0,0.0,0.0,0.0,0.0,1.791759469228055,2471.2099121407214,0
122.606614931326,0.5678434169947744,0.13853954887035802,0.23200066866265356,0.0,0.0,0.0,0.0,0.0,0.0,4.817104062453368,1521.340182469941,0
131.4121306918558,0.4643585605009125,0.1811270876911827,0.21563900163485042,0.0,0.0,0.0,0.0,0.0,0.0,4.885919260845608,2055.239209363317,0
385.21501300773275,1.9957939163493832,-0.38032017997432366,0.015671782101358306,1.0,0.0,0.0,0.0,0.0,0.0,5.956394242899476,2066.118057826662,0
96.13290523927598,1.4743363363896034,-0.3047519796658139,0.2053024658567734,0.0,1.0,0.0,0.0,0.0,1.0,4.576080197800605,1269.0715802484465,0
232.6468205366756,2.4400484550085713,0.5234257801166481,0.27578926926706676,0.0,0.0,0.0,0.0,0.0,0.0,5.453810661250191,2165.9474521115208,0
95.16071282946143,0.6454038451433448,-0.24466881029476104,0.1644017921084957,0.0,0.0,0.0,1.0,0.0,0.0,4.566020883711392,1682.1406871010008,0
9.25182038714631,0.36104399155449296,0.13887870091352597,0.19082131918155504,0.0,0.0,0.0,0.0,0.0,0.0,2.3274552885616084,1739.372806442732,0
3354.826320989056,19.835651795557297,3.869536367015826,0.0484266039575537,1.0,0.0,0.0,5.0,1.0,1.0,8.118453314456824,394.32151333127536,1
76.26860681416147,0.9967148410965758,0.16968126785779356,0.13790503630404147,0.0,0.0,0.0,1.0,0.0,0.0,4.347287751682799,722.4636389489951,0
100.29999430458952,1.02226488161684,0.19957720570426357,0.3238474806331922,0.0,0.0,0.0,1.0,0.0,0.0,4.618086355031433,322.7078217653816,0
1558.2143674630079,23.837725390269668,1.8129016992017581,0.030502574224320667,0.0,0.0,1.0,1.0,1.0,1.0,7.3519373627885365,677.1952299363774,1
31.060432586746558,0.7280060414117259,-0.43524031387114515,0.22994264144082868,0.0,0.0,0.0,1.0,0.0,0.0,3.4676226401267636,1747.5366819737192,0
99.52723708008439,1.151988074366857,-0.19391023574050473,0.0,0.0,0.0,0.0,1.0,0.0,1.0,4.610428706503236,1276.0969732276537,0
363.7546033204364,0.05,0.18573660780300208,0.14817556709639312,0.0,0.0,0.0,1.0,0.0,0.0,5.899224807804234,1766.9562264676154,0
11.025161260657711,0.2280725782459947,0.19933541350630782,0.3824185385473992,1.0,0.0,0.0,1.0,0.0,0.0,2.4870012263516115,1819.170534400629,0
102.17755575907121,1.4056373271225078,-0.4974334804783851,0.14282615082305608,0.0,0.0,0.0,1.0,0.0,0.0,4.636451346439879,1623.1712835247986,0
204.14762082153024,1.2647058454486773,-0.06818808321707623,0.2882480182850974,1.0,0.0,0.0,1.0,0.0,0.0,5.323729821558115,1423.5415685598666,0
138.64213550938132,0.7192151239744269,0.0032996682241389214,0.09685400625247532,1.0,0.0,0.0,1.0,0.0,0.0,4.9390829750831,1772.0315426828947,0
201.36122720503892,1.5927038260402022,0.10812959090080294,0.15311992386258935,0.0,0.0,0.0,1.0,0.0,0.0,5.31005435386986,1514.889978588321,0
240.34048241079824,1.1822040263010352,0.3106672781597638,0.2938461291725524,0.0,0.0,0.0,0.0,0.0,0.0,5.486208726528011,2270.4995445238387,0
2443.0712743244358,13.72319807786294,3.3839221654731517,0.06556032153614574,0.0,1.0,1.0,6.0,0.0,1.0,7.801420482846793,598.1075296232591,1
207.8957599153318,1.1898649749275385,-0.24301295569533163,0.05080782020957056,0.0,0.0,1.0,0.0,0.0,0.0,5.341835371158501,1378.3908944797788,0
214.8968625513291,1.7248164915651463,0.24603522627491792,0.28952693819361114,0.0,0.0,0.0,0.0,0.0,0.0,5.374800805462088,1452.814964956234,0
164.47190302433273,1.1964354461181717,-0.2409357673292011,0.10377789656649314,0.0,0.0,0.0,2.0,0.0,0.0,5.108801410158795,1548.0257014493936,0
67.04505742267774,0.8818120162127911,0.3963634451730935,0.16586473238145247,0.0,0.0,0.0,0.0,0.0,0.0,4.22017009490461,60.0,0
125.42868779499848,1.2753991886793705,0.11856872434433009,0.23593410421431915,0.0,0.0,0.0,0.0,0.0,0.0,4.83967841636461,1956.7226093867057,0
174.01704633137828,1.8694186453711787,0.3002219495357591,0.04536020863910961,0.0,0.0,0.0,0.0,0.0,0.0,5.164883376787577,1454.1116359884484,0
173.15230076304044,0.8366700568679477,0.04132991921463476,0.0,0.0,0.0,0.0,0.0,0.0,0.0,5.159930208111708,620.2640841238862,0
38.01319198641704,0.05,0.4879233081312505,0.215327506542082,0.0,0.0,0.0,0.0,0.0,0.0,3.6638998449959375,1723.3806849938937,0
38.1528443696896,1.0432386114937282,1.0410398732578285,0.27618114500799706,0.0,0.0,0.0,1.0,0.0,0.0,3.6674730729187646,1493.1680390754725,0
95.08686053746716,0.936596994715561,0.7513181547807188,0.22833390885494126,0.0,0.0,0.0,0.0,1.0,0.0,4.565252579650813,1167.5071142955608,0
13199.569581726766,12.672978311036509,3.8340098234501068,0.035037088305900105,1.0,0.0,1.0,2.0,0.0,1.0,9.488015257774338,103.86450201302148,1
285.1937784931442,0.17738505256394177,-0.38015330912300593,0.18203297178629954,0.0,0.0,0.0,0.0,0.0,0.0,5.656669128567216,2506.2715122469253,0
138.6256537662324,1.0881229938375365,-0.15082526477361993,0.16427842180830765,1.0,0.0,0.0,0.0,1.0,0.0,4.9389649396790825,246.13706070204807,0
803.1458584033148,16.34582269158485,3.529782322461843,0.01176627447343526,1.0,0.0,0.0,3.0,0.0,0.0,6.689780668649608,403.1643367977117,1
326.01522662525167,0.05,-0.22630897624666643,0.1883776297809662,1.0,1.0,0.0,1.0,0.0,0.0,5.790006734416372,718.7108039635617,0
10164.841507439194,25.739523681103254,3.6765508574425336,0.036074636616788135,1.0,1.0,0.0,6.0,1.0,0.0,9.226788507430781,766.2267344113127,1
2964.3438515723665,21.989267276968015,2.2562842220257115,0.04541004427711589,1.0,1.0,0.0,4.0,1.0,1.0,7.994748274883983,605.9754684286218,1
79.15369733075786,0.05,-0.037836546076844474,0.1856592411362575,0.0,0.0,0.0,0.0,0.0,0.0,4.383946008132059,2118.7448249206063,0
223.23672117827445,1.2304742282426182,-0.0866918233671555,0.22832009366171216,1.0,1.0,0.0,0.0,0.0,0.0,5.412702284818996,1169.920117379739,0
50.985446329096646,2.303573431237253,-0.3775733039377792,0.0,0.0,0.0,0.0,0.0,0.0,0.0,3.9509638011215875,991.6957728684786,0
256.6665015721354,0.3655549094461896,-0.27250745606278914,0.2632961988799946,0.0,0.0,0.0,1.0,1.0,0.0,5.551666119190008,60.0,0
248.49067017636858,0.25034524953325743,0.18436008618273222,0.39452435016959353,0.0,0.0,0.0,2.0,0.0,0.0,5.519421520409706,1228.4823295378742,0
2048.5151162282727,11.34781781866899,1.623632361153779,0.05039021835329259,0.0,1.0,1.0,3.0,0.0,0.0,7.625358515486001,517.8740093370268,1
94.96977254352176,0.05526456126695556,-0.2121154278208933,0.05603282320765464,0.0,0.0,0.0,1.0,1.0,0.0,4.564033272547763,738.4648222114084,0
142.6617873836369,0.9468825988385977,0.16328819451471766,0.025004416317511935,0.0,0.0,0.0,0.0,0.0,0.0,4.967461838332009,2469.2636505950145,0
228.22470509513894,0.4044251966457578,-0.34935981763795476,0.29847980053812073,0.0,1.0,0.0,1.0,0.0,0.0,5.434702767405041,1213.079227535577,0
183.82085754886526,1.3365774820283816,0.3199599275676239,0.0,0.0,0.0,0.0,4.0,0.0,0.0,5.219387018362912,1380.1059981250696,0
214.37569064895422,1.4335229749673912,0.14683371869996337,0.19097489568592294,0.0,0.0,0.0,0.0,1.0,0.0,5.37238390157054,1116.84915489988,0
5.0,2.547560956578608,-0.2301835545522611,0.19447349629343672,0.0,0.0,0.0,1.0,0.0,0.0,1.791759469228055,1697.5640781543461,0
62.97487084589035,0.5940253945909926,0.2752193191230918,0.15787688995972396,0.0,0.0,0.0,0.0,0.0,0.0,4.158490363222249,984.4825538582841,0
13.671402598757581,1.888505721565624,-0.19014391311192716,0.07541471898256207,1.0,0.0,0.0,0.0,1.0,0.0,2.68590019758847,1443.2411030833875,0
4144.964311095358,2.0,3.351281598069882,0.013135394594142577,1.0,1.0,0.0,5.0,0.0,1.0,8.329890684925719,298.95764166660535,1
159.6219427335135,0.9488667945698177,-0.2871072673815279,0.0,0.0,0.0,0.0,1.0,0.0,0.0,5.079053421902669,2445.742959574092,0
204.9024268721508,1.7695767968495977,-0.22620940395801034,0.054456108080571136,0.0,0.0,0.0,0.0,0.0,0.0,5.3274024006187295,1003.8647357974057,0
5.0,0.734591169328657,0.26240107666256135,0.10482587707673505,0.0,1.0,0.0,2.0,0.0,0.0,1.791759469228055,1495.5117729855747,0
282.2561651954039,1.5472157999583103,0.3162046845065152,0.32798584878233505,0.0,0.0,0.0,0.0,1.0,0.0,5.646351665586171,60.0,0
314.2310126340434,1.2062268455751164,-0.5686546125768581,0.170603366063236,0.0,0.0,0.0,0.0,0.0,0.0,5.753305743480144,1446.473533509867,0
179.06235199174913,0.5201058570902807,-0.33873387443624015,0.31580937727271946,0.0,0.0,0.0,0.0,0.0,0.0,5.1933031908617595,421.03567827536403,0
46.96725880525,0.6592773799279774,-0.11282976519892429,0.15683893441071617,0.0,0.0,0.0,1.0,0.0,0.0,3.870518669942275,1235.4457679084778,0
216.4291515661617,1.374533367065138,-0.3909243771815164,0.24236727762779245,0.0,0.0,1.0,0.0,0.0,0.0,5.381873057538272,1629.6216653989848,0
151.5934664242501,1.3291246668119439,-0.7183947221628348,0.07598877007715796,0.0,0.0,0.0,0.0,0.0,0.0,5.027777302889533,1511.510788446286,0
263.0719384539199,0.7156458762777769,0.2870554265523074,0.08670779773562161,0.0,0.0,0.0,1.0,0.0,0.0,5.576221560170167,1748.3648522895164,0
34.372680511088234,2.2194437011645167,0.25135495736420954,0.2921162893238371,0.0,0.0,0.0,2.0,0.0,0.0,3.5659397852225423,1469.7608761211006,0
122.57910427165733,0.05,0.39242357215186996,0.16029037367133675,1.0,0.0,0.0,2.0,0.0,0.0,4.816881471440659,2105.6423095357954,0
289.15685731298277,1.2785466918733075,-0.06948478236599345,0.09349580416305876,1.0,0.0,0.0,1.0,0.0,0.0,5.670421664039865,1233.3798101689435,0
139.4504328480457,0.7846214706699195,0.2651598054731147,0.14986245848494958,0.0,0.0,0.0,1.0,0.0,0.0,4.944854635411262,60.0,0
3141.6684566333497,15.485460566130929,4.111960171343404,0.03813655709658351,1.0,0.0,0.0,3.0,1.0,0.0,8.052827544957124,168.4395875821931,1
250.52554788297522,0.15578421351869065,0.22256623794532487,0.08560718098071828,0.0,0.0,1.0,1.0,0.0,0.0,5.52754456642035,1915.753964698943,0
106.38976220296223,0.17014779045214967,-0.3392780894574082,0.3628182862145629,1.0,0.0,0.0,1.0,0.0,0.0,4.676464853536379,1261.9979203804385,0
2557.0366253773045,16.48904920556419,4.207097115654962,0.04468446998052272,1.0,1.0,1.0,6.0,1.0,0.0,7.846995300010214,289.13833937996145,1
43.767768900463494,1.247108773971742,0.5027213142348199,0.007397720001990626,0.0,0.0,0.0,1.0,0.0,1.0,3.8014884363106933,2916.375577776999,0
37.51911722356179,0.5883551889798684,-0.07441580729313751,0.0,1.0,0.0,0.0,1.0,0.0,0.0,3.6511546693143013,950.6609505730486,0
102.80575177805427,0.5534508300804519,-0.5966691747262146,0.2324273489379951,0.0,0.0,0.0,0.0,0.0,0.0,4.642521381316577,1652.2795100520334,0
164.81420872395307,1.1027507458362193,0.6967112578930413,0.24901365870661732,0.0,0.0,0.0,1.0,0.0,0.0,5.110867937002512,1150.3966335238301,0
5.0,1.201240796309821,-0.19037434132116662,0.20674400683546335,1.0,0.0,0.0,2.0,0.0,0.0,1.791759469228055,2032.0760692696824,0
281.9414547073137,1.1410052537370399,0.32102555770652563,0.2244383896872284,0.0,0.0,0.0,1.0,0.0,0.0,5.645240002416149,547.5186735197295,0
77.38464890125677,0.05,0.45345335470308024,0.2541394084034723,0.0,0.0,0.0,1.0,0.0,0.0,4.361628103353185,1674.4682239355889,0
2120.854576309019,33.8775636583286,2.466812934376552,0.010460843337284236,1.0,0.0,1.0,2.0,1.0,0.0,7.660045785397182,493.97282029731133,1
164.30475802295842,1.0231858271152652,0.20154831015197058,0.34153299828966566,0.0,0.0,0.0,1.0,0.0,0.0,5.10779078858065,1434.9725623595432,0
207.00178877484757,0.6160543857158948,0.0918308532410527,0.07464480799526246,0.0,0.0,0.0,1.0,0.0,0.0,5.337546679543414,2415.168848573771,0
6925.541357325602,16.746896818735276,3.359237473864566,0.016904246091412188,1.0,1.0,1.0,2.0,0.0,0.0,8.843115884963758,459.9979033933596,1
283.6551034442646,2.172496048161487,0.3107181214115037,0.2101711610290934,0.0,0.0,0.0,1.0,1.0,0.0,5.651278284076226,1770.479363058701,0
107.90564133923382,0.5854049976027871,0.3686289926982861,0.33883453606148317,1.0,0.0,0.0,0.0,1.0,0.0,4.690481831528629,1716.6386180399445,0
222.40396471472408,1.015161116206046,-0.14992818718385478,0.18309886426657868,0.0,0.0,0.0,1.0,1.0,0.0,5.408981633633951,991.5300143865552,0
86.32398622412657,1.9176482729826536,0.15346365072038098,0.0,0.0,0.0,1.0,0.0,0.0,0.0,4.469625181397069,2094.112227767043,0
7.035860889885029,0.6384280591324183,-0.3326593090514012,0.2868791020293362,0.0,0.0,0.0,1.0,0.0,0.0,2.0839141359373765,1501.6089456991072,0
187.48617628614198,1.897009748342423,-0.5736446035936026,0.36166055895956806,0.0,0.0,0.0,0.0,0.0,0.0,5.239024668846865,1943.486674939227,0
168.48128763838696,1.1104001251638829,-0.31984821005082187,0.1568407458645579,0.0,0.0,0.0,1.0,0.0,0.0,5.132742523312616,1774.2996257057803,0
161.28205068106607,0.522709103503444,-0.7210580019180587,0.250874121866205,0.0,0.0,0.0,0.0,0.0,0.0,5.089335874942321,352.75224001795414,0
86.99722660522765,0.05,0.316826411850785,0.12791798166638843,0.0,0.0,0.0,3.0,0.0,0.0,4.477305298131886,1668.9274022536276,0
1396.874059572689,31.831962727085628,4.7592206002956114,0.035104268337117495,1.0,1.0,1.0,2.0,1.0,0.0,7.242707832593187,94.33697079138386,1
15.521584462116436,2.1485658206981904,0.21454857904366748,0.19490470015976627,0.0,0.0,0.0,2.0,0.0,0.0,2.8046676752439836,981.95911949142,0
5.0,1.4769686808508202,-0.17842573332809655,0.163155774041875,0.0,0.0,0.0,2.0,0.0,0.0,1.791759469228055,1001.0225649333267,0
148.44440806347444,1.3619670330046676,0.19315947008983714,0.04205387339893327,0.0,0.0,0.0,2.0,0.0,0.0,5.006924471258255,1442.6864397626825,0
131.1614462807626,1.2229830936921517,-0.13017513775959758,0.08547559716644776,0.0,0.0,0.0,1.0,0.0,0.0,4.884024253120496,974.2291774859436,0
5.0,0.5923837705047688,0.31770419969495267,0.28064043268831274,0.0,0.0,1.0,2.0,0.0,0.0,1.791759469228055,1844.469523001324,0
62.50725631316353,2.353032150112561,0.07266934712618148,0.3089596903468965,1.0,0.0,0.0,0.0,0.0,0.0,4.151154172018269,2238.0617718150147,0
70.08837094966147,0.9359036584452403,0.6481878589625311,0.2946722172370877,0.0,0.0,0.0,0.0,0.0,0.0,4.263923764355459,1712.7880653864747,0
266.0563369246423,2.0201254532055026,0.0056180600638917055,0.2227325390916968,0.0,0.0,0.0,0.0,0.0,0.0,5.587459635860702,1959.219881523494,0
163.09066159221499,1.5734788437603184,-0.09810367992274055,0.15157517308471943,0.0,0.0,0.0,1.0,0.0,0.0,5.100419089665182,1187.616882971854,0
205.0923444911591,0.6322625372979132,0.13631130395696556,0.08384784785064658,0.0,0.0,0.0,0.0,0.0,0.0,5.328324342573634,437.43941886516063,0
122.91998816950465,1.7462334502889187,-0.2215724494772767,0.2487039451652267,1.0,0.0,0.0,3.0,0.0,1.0,4.819636100639795,1267.4143438083224,0
280.95478347767346,1.678731503518145,0.0084860902945961,0.0,0.0,0.0,0.0,1.0,0.0,0.0,5.641746715804163,2104.3939833048044,0
86.43113813692682,0.21203565970688087,-0.011705952516646884,0.09186157865492649,0.0,0.0,0.0,2.0,0.0,0.0,4.4708514908013886,726.6542661656782,0
5984.19596039667,25.791153025739206,4.098566345371505,0.03203851774745315,1.0,1.0,0.0,4.0,0.0,0.0,8.697044359376983,109.56111778040184,1
114.75270152412541,0.7211576537900065,1.1971910212295709,0.26996102453085424,0.0,0.0,0.0,1.0,0.0,0.0,4.751456031995286,646.0205231198532,0
29.1518609076833,0.6890903211508947,-0.06439713241525452,0.1327749007711413,1.0,0.0,1.0,0.0,1.0,0.0,3.4062466429163627,60.0,0
297.0989433329662,1.4647600691989748,-0.6402963789762938,0.2818045685179421,0.0,0.0,0.0,0.0,0.0,0.0,5.6974254560047015,1369.0382741747876,0
5.0,1.190677604378597,-0.2253000768017641,0.2891161153764855,0.0,0.0,0.0,1.0,0.0,0.0,1.791759469228055,1555.3450931488183,0
160.05439865609438,1.39629113441607,-0.537630029588332,0.22508171070273983,0.0,0.0,0.0,1.0,0.0,0.0,5.081742187767438,1270.7033855872262,0
20.725610020625325,2.4085280738681756,1.2116693223865627,0.15443648812300595,0.0,1.0,0.0,0.0,0.0,0.0,3.0784917499574873,482.05925394180235,0
5.0,0.35015122415576405,0.024627332020626266,0.38413177669996,0.0,0.0,0.0,2.0,0.0,0.0,1.791759469228055,872.1544796810375,0
76.42429280911924,1.454888521160592,-0.20670749649424205,0.18773623406729276,0.0,0.0,0.0,1.0,0.0,0.0,4.349300591934688,1395.5650305738718,0
33.99907178791612,0.41949672698133955,0.12465125713085348,0.2016092504018761,0.0,0.0,1.0,1.0,0.0,0.0,3.5553215407924896,1676.4265022157779,0
184.66206788899592,1.245502545617367,0.29806281172598587,0.11179516872877365,0.0,0.0,0.0,1.0,1.0,0.0,5.223928181952395,911.9401921042033,0
2563.5303614795953,9.40690122208077,2.8784528802685965,0.020148629960764844,0.0,1.0,1.0,3.0,1.0,0.0,7.849530645901217,506.0375540479646,1
5.0,1.021003453691403,0.05369352505176997,0.009867782032126404,0.0,0.0,0.0,1.0,0.0,0.0,1.791759469228055,1048.6096846395901,0
1054.5449502778079,13.489002587580332,2.7227020579329686,0.03857495574907091,1.0,0.0,1.0,4.0,0.0,1.0,6.961812453096706,345.12852730209624,1
169.5125527203909,1.676065022635453,0.1000856486996031,0.0,0.0,0.0,0.0,0.0,1.0,0.0,5.138808917007027,1565.7841144991924,0
381.0838217628276,1.07047677967142,0.05379264778360565,0.16884867361038355,0.0,0.0,0.0,0.0,0.0,0.0,5.945640013234121,2778.634700982361,0
6493.83918627787,10.300219170551316,3.73314253207511,0.0,1.0,0.0,1.0,2.0,0.0,1.0,8.77876316917968,770.0914792203326,1
227.7953915804902,0.17375006476678534,0.17140566614525327,0.3360686563582649,1.0,0.0,0.0,1.0,0.0,0.0,5.432828117609135,1571.4437658804206,0
110.34351518417287,1.292306244224096,0.716533981543248,0.23599902821395222,0.0,0.0,0.0,1.0,0.0,0.0,4.712620153877007,1622.6920072847793,0
5.0,0.9280783922187593,-0.29432449204845845,0.19198229169397585,0.0,0.0,0.0,0.0,0.0,1.0,1.791759469228055,2688.681497015775,0
43.99605245802361,0.6245679066401026,0.6022563404843098,0.13632089645155004,1.0,1.0,0.0,1.0,0.0,0.0,3.806574762767388,1354.5586536403803,0
5.0,0.7326933681348468,0.5944536944583518,0.14465925078842357,0.0,0.0,0.0,2.0,1.0,0.0,1.791759469228055,1869.3170061357666,0
197.55492932218192,0.8976856526210393,0.03244482388740878,0.3578943074702466,0.0,0.0,0.0,0.0,0.0,0.0,5.291065783872872,1398.6621313685894,0
5.0,0.26359654131642807,0.26236835394479346,0.2641358039526125,0.0,0.0,0.0,2.0,0.0,0.0,1.791759469228055,1916.0115270316346,0
5.0,1.1272630426865473,-0.15903908276446563,0.3009673584875306,0.0,0.0,0.0,0.0,0.0,0.0,1.791759469228055,1997.6140965271434,0
5126.608500573248,6.804754253740631,3.785315951473491,0.029799662097674012,1.0,1.0,1.0,2.0,0.0,1.0,8.54239465024401,690.9326951518436,1
5.0,0.05,0.34670285882958596,0.020513712506916276,0.0,0.0,0.0,1.0,0.0,0.0,1.791759469228055,623.7853506361357,0
629.6328002640169,21.68969694963478,3.5941362659475047,0.0,1.0,1.0,1.0,3.0,1.0,1.0,6.446723760131899,145.7337402828607,1
131.2696837561897,1.2177427832907526,0.09928543722431034,0.13817752125664515,0.0,0.0,0.0,1.0,0.0,0.0,4.884842897139125,797.8317754118376,0
2064.221465473517,11.56401744366071,2.414621995930119,0.05376699841210697,0.0,1.0,1.0,4.0,1.0,0.0,7.6329927468472345,937.5996522276556,1
147.28420220914575,1.7000806316746828,0.4714676397441797,0.2516216191343495,1.0,0.0,0.0,1.0,0.0,0.0,4.99913071757038,375.16397211628714,0
1538.5446267972175,30.44883390708425,4.114365316774024,0.011635330751891566,1.0,1.0,0.0,1.0,1.0,1.0,7.339241954795807,324.7138782347062,1
86.63993452990957,0.23302766734587832,0.6035331410699715,0.06286276319792422,1.0,0.0,1.0,1.0,0.0,0.0,4.473236767692637,931.5816202884345,0
92.37875244673393,0.6206078251634761,-0.5615777467634889,0.28477160014945535,0.0,0.0,0.0,0.0,0.0,0.0,4.53666382949139,60.0,0
5.0,1.745248437215529,-0.3589110118851616,0.0,0.0,0.0,0.0,2.0,0.0,0.0,1.791759469228055,60.0,0
4524.978698474687,20.660258504781126,2.5905462709026725,0.04354969684182788,1.0,1.0,1.0,5.0,1.0,0.0,8.417589119703107,731.8028552856126,1
5.0,0.5787918030041439,0.507977699145374,0.17597316715510136,0.0,0.0,0.0,0.0,0.0,0.0,1.791759469228055,1106.5625996682725,0
177.53884815973404,0.77837522716647,0.1081131128291451,0.16993080581265704,0.0,0.0,0.0,2.0,0.0,0.0,5.184806214289463,2605.5435192728164,0
148.32353772128454,1.305780083212772,0.27539088770667686,0.14425325659607774,0.0,0.0,0.0,0.0,1.0,0.0,5.006115345978991,883.9246746502137,0
273.8189924229952,0.9270411730360971,-0.30731774002062795,0.05771712160180997,0.0,0.0,0.0,0.0,0.0,0.0,5.616112671580756,1811.0503191383714,0
136.5882591736406,0.5905690417250318,-0.24487586787403717,0.03681029576994019,0.0,0.0,0.0,1.0,0.0,0.0,4.9242655960858315,2852.5532088472037,0
63.08737965482894,0.3775605367198921,0.10510499146140992,0.2376566112630922,0.0,0.0,0.0,1.0,0.0,0.0,4.160247459282099,1531.634928165858,0
163.39195532720498,0.14140851778105223,0.04528684184221249,0.2616676639489976,0.0,0.0,0.0,0.0,1.0,0.0,5.102253547891979,1928.4097459180914,0
53.4479811439797,1.9831468768404872,0.11317888931237428,0.3633482564253695,0.0,0.0,0.0,0.0,0.0,0.0,3.9972457714460394,3090.3842396097925,0
121.27716992390214,0.5494998806482492,1.1557135292905554,0.15577596759685652,0.0,0.0,0.0,1.0,0.0,0.0,4.806290352527636,2693.6166801065983,0
6342.637469093814,13.614727001250376,3.227478014016016,0.0,0.0,1.0,1.0,4.0,0.0,1.0,8.755207616204803,491.54873563857916,1
5.0,1.3620062897421399,-0.2725884449630438,0.1789360413763307,0.0,0.0,0.0,0.0,0.0,0.0,1.791759469228055,916.2988411733282,0
314.40247619708913,1.2405015261152037,0.1875306515844146,0.05789334971778143,0.0,0.0,0.0,1.0,0.0,0.0,5.753849525471769,1603.5435379364033,0
2673.1450154776608,23.914608205399226,2.2382666410656533,0.011892695746363355,1.0,0.0,0.0,3.0,1.0,1.0,7.8913849878584434,876.5523367267,1
4355.180480896217,25.280811959518168,3.6839060011754734,0.04170495062717712,0.0,0.0,1.0,4.0,1.0,1.0,8.37935091590717,320.6291662676422,1
3647.32458470911,15.881825832762129,2.9816149303840764,0.04623518196958717,1.0,0.0,0.0,4.0,0.0,0.0,8.202023323307662,918.18570020883,1
94.84198320263303,1.7839040635631318,0.7631167876396098,0.12365637902699042,0.0,0.0,0.0,2.0,0.0,0.0,4.562700827001887,1401.9430052224293,0
9713.963631087068,15.181879720401845,3.8803342958813793,0.08063809355484355,1.0,1.0,1.0,2.0,0.0,1.0,9.181422618221113,360.39091225492433,1
87.72722353822857,1.5486298090235517,0.7108887841611371,0.3388140949616036,0.0,0.0,0.0,2.0,0.0,0.0,4.485566759229849,707.6983286261399,0
5.0,2.1501565031526644,0.44268796601803817,0.1466364943517059,0.0,0.0,0.0,0.0,0.0,0.0,1.791759469228055,1998.9374297686736,0
85.95541317514358,0.8126184996338643,0.47228493862180143,0.2283539499927546,0.0,0.0,0.0,2.0,0.0,0.0,4.465395495045821,592.6681930985923,0
249.2478983770999,0.05,0.45648279701847294,0.1730361592301764,0.0,0.0,0.0,1.0,0.0,0.0,5.5224520200665586,752.0187821618521,0
303.0577741186032,1.5369243871816676,-0.10973394743985657,0.03978364093739567,0.0,1.0,1.0,0.0,0.0,0.0,5.717217729792458,1313.185086510584,0
233.13651838307845,1.6394008414183707,-0.10907507388462503,0.06922650343362889,0.0,1.0,0.0,1.0,0.0,0.0,5.455904357132643,2068.376267026317,0
444.0892383880712,0.9491069781434209,0.6164893125238555,0.14585232644500898,0.0,0.0,0.0,2.0,0.0,0.0,6.098274797765175,1076.380240697189,0
344.71836655896664,0.5749145577099004,-0.07171164571887231,0.277606362985429,0.0,0.0,0.0,1.0,0.0,0.0,5.845624474121935,1488.2956763562643,0
112.26794600131967,1.2161057843060905,0.2313776962087315,0.1604668212342327,0.0,0.0,0.0,0.0,0.0,0.0,4.729756215396927,284.8757216193944,0
170.83736016798187,0.05,-0.1305538165606963,0.28566620800758363,1.0,0.0,0.0,0.0,0.0,0.0,5.146548449051557,527.5331939535297,0
178.695720495507,1.0222499916269165,0.13793507899601148,0.18122458225267904,0.0,0.0,1.0,0.0,0.0,0.0,5.191264978789784,2244.043566975338,0
73.86871191217128,1.1678680219884796,0.2660277738194347,0.17653557942405756,1.0,0.0,0.0,1.0,0.0,0.0,4.3157360717693845,2054.3300670000945,0
37.65432127355726,0.45927235939660715,0.32563780808683296,0.3383130849608576,0.0,0.0,0.0,3.0,0.0,0.0,3.65465857405037,824.3582212812479,0
203.3558691122473,1.7779257623763098,-0.1367037423004144,0.3824325005351489,0.0,0.0,0.0,0.0,0.0,0.0,5.319862930479902,60.0,0
199.33896575142478,1.307877795155215,-0.5949685059081657,0.17820784166670353,0.0,0.0,0.0,0.0,0.0,0.0,5.30001076070361,2130.5538802423234,0
341.29336539844576,2.014161228324623,0.3856809445757172,0.3127927845208384,0.0,0.0,0.0,2.0,0.0,0.0,5.83566816293067,2556.130460161572,0
118.99429584191675,1.8350102640400676,0.11149321297856714,0.1745439732972598,1.0,0.0,0.0,1.0,0.0,0.0,4.787444207001545,2857.6929502140897,0
139.01969887287257,0.8044361065746861,0.5139477512013586,0.2804917542642751,0.0,1.0,1.0,1.0,1.0,0.0,4.9417831189459145,218.30056549040978,0
184.7357802253068,0.32705543504962153,0.3111344867755296,0.3759912652389018,0.0,0.0,0.0,0.0,0.0,0.0,5.224325127371724,777.4537718096345,0
27.494818731041093,0.9287988272638338,-0.201141032897688,0.10960125694360419,0.0,1.0,0.0,0.0,0.0,0.0,3.349722271836341,862.3108267545363,0
88.64495321311969,0.05,0.4436209721654263,0.13450154780503606,0.0,0.0,0.0,2.0,0.0,0.0,4.4958569041343726,190.2017286651983,0
5.0,1.300438866105778,-0.41024308933291553,0.316534370667934,0.0,1.0,0.0,1.0,1.0,0.0,1.791759469228055,1564.0935168220253,0
104.67643876286834,0.7969951059691746,-0.1380910681337876,0.03739847086588635,0.0,0.0,0.0,0.0,0.0,0.0,4.660381961338816,1625.063387887752,0
5.0,0.975621046024911,0.105922807292105,0.36786777841097434,0.0,0.0,0.0,1.0,0.0,0.0,1.791759469228055,759.665723762102,0
107.73956909697668,0.9492587389782605,0.29407704765107545,0.0,0.0,0.0,0.0,1.0,0.0,0.0,4.688955749018887,2170.458893429357,0
3594.0338048289545,28.4480139336546,3.619382501363856,0.021781455383325255,1.0,1.0,0.0,4.0,0.0,1.0,8.187308673401327,832.7319830578124,1
57.14697636223524,0.6369950133787303,0.17495581808623561,0.12947407564005792,0.0,0.0,0.0,1.0,0.0,0.0,4.062973880402716,2283.2886274791,0
4861.610949851719,11.714583773859976,4.604507551606156,0.031584300956082785,1.0,1.0,1.0,4.0,1.0,0.0,8.489330805116612,238.10657954465142,1
63.19575476122601,1.9613049406400527,-0.17940143089370322,0.13414856550309545,0.0,0.0,0.0,2.0,1.0,0.0,4.161937083294999,154.4564580404067,0
15.00471826124182,0.3219388001593172,0.025210918591785522,0.08777296390774783,0.0,0.0,0.0,1.0,0.0,0.0,2.7728835700954937,1950.3821298755313,0
136.4413092737415,1.174739826759079,0.2517283798454003,0.20378008075919818,0.0,0.0,0.0,0.0,0.0,0.0,4.923196984338284,1801.2087762535575,0
6.389393243188579,0.726123703844548,0.36604027808849504,0.26849538376191673,0.0,0.0,0.0,0.0,1.0,0.0,2.000045626472735,2450.500818312964,0
231.2255135323926,1.3066806978355463,0.5069367186272151,0.10825311322325343,0.0,0.0,0.0,0.0,0.0,0.0,5.447708940628196,991.6969423860501,0
2750.550685532225,28.17654309341764,3.1556423440381947,0.015361299682434736,1.0,0.0,1.0,4.0,0.0,0.0,7.919919917384927,144.11011725602503,1
2227.5443198661414,11.065181120613161,4.6359984827633935,0.036228186949013516,0.0,0.0,0.0,5.0,0.0,0.0,7.709103879945702,169.02796599716183,1
71.50705808111093,2.026508848220368,-0.32984220923659524,0.175865024064267,0.0,0.0,0.0,2.0,0.0,0.0,4.283683909965058,849.9271748753267,0
